"[Quote] Number","[Quote] Has Lead?","[Quote] Job Number"
"Q25002","No",""
"Q25002/1","No","C575"
"Q25004","No","C563"
"Q25005","Yes","C587"
"Q25006","No","C556"
"Q25008","Yes",""
"Q25009","No","C558"
"Q25010","No","C559"
"Q25011","No",""
"Q25012","No","C568"
"Q25013","No",""
"Q25014","No","C560"
"Q25015","No","C564"
"Q25016","No","C562"
"Q25017","Yes",""
"Q25018","No",""
"Q25019","No","C565"
"Q25020","No",""
"Q25021","Yes","D004-S"
"Q25022","No",""
"Q25022-1","No",""
"Q25022-2","No",""
"Q25022-3","No","C567"
"Q25023","No",""
"Q25023-1","No","C572"
"Q25024","No","C566"
"Q25025","No",""
"Q25025-1","Yes","D005"
"Q25026","Yes",""
"Q25026-1","Yes",""
"Q25026-2","Yes","D079"
"Q25027","No","C570"
"Q25028","No","C569"
"Q25029","No","C580"
"Q25030","No",""
"Q25030-1","No",""
"Q25031","Yes",""
"Q25031-1","Yes","D012-S"
"Q25032","No",""
"Q25033","No","C571"
"Q25034","No",""
"Q25034-1","Yes","D011-S"
"Q25035","No",""
"Q25035-1","No",""
"Q25035-2","No","C574"
"Q25036","No",""
"Q25038","No","C573"
"Q25039","No",""
"Q25039-1","No","C589"
"Q25040","No","C576"
"Q25041","No","C578"
"Q25042","Yes",""
"Q25043","No",""
"Q25043-1","No",""
"Q25043-2","No","C581"
"Q25044","No",""
"Q25044-1","No","C579"
"Q25045","Yes",""
"Q25046","No",""
"Q25046-1","No",""
"Q25046-2","No",""
"Q25046-3","Yes",""
"Q25047","No","C577"
"Q25048","No","C592"
"Q25049","No",""
"Q25050","Yes",""
"Q25051","No",""
"Q25051-1","No","C586"
"Q25052","Yes",""
"Q25053","No","C582"
"Q25054","No","C582"
"Q25055","No","C584"
"Q25056","Yes","D008-S"
"Q25057","No","C585"
"Q25058","Yes",""
"Q25059","No",""
"Q25060","Yes",""
"Q25061","No","C590"
"Q25062","No","C591"
"Q25063","Yes",""
"Q25064","Yes",""
"Q25064-1","Yes",""
"Q25065","Yes","D014"
"Q25066","Yes",""
"Q25068","No","C588"
"Q25069","Yes","D057-S"
"Q25070","No",""
"Q25070-1","Yes",""
"Q25071","Yes","C604-S"
"Q25072","Yes",""
"Q25074","No",""
"Q25076","No",""
"Q25076-1","Yes",""
"Q25078","No",""
"Q25078-1","Yes","C438-2"
"Q25079","Yes",""
"Q25080","No",""
"Q25080-1","No",""
"Q25080-2","No","C593S"
"Q25081","Yes",""
"Q25081-1","Yes",""
"Q25081-2","Yes","D031"
"Q25083","No","C595-S"
"Q25084","No",""
"Q25084-1","No","C594"
"Q25085","Yes",""
"Q25086","No","C596"
"Q25087","Yes","D003-S"
"Q25089","Yes",""
"Q25089-1","Yes","D029-S"
"Q25090","Yes",""
"Q25090-1","Yes",""
"Q25090-2","Yes",""
"Q25093","Yes","C608 (Deleted: 1767650070)"
"Q25094","Yes","C596 (Deleted: 1765577017)"
"Q25095","No","C589"
"Q25095-1","No","C589"
"Q25095-2","Yes","C589"
"Q25096","Yes","C583-1"
"Q25097","Yes",""
"Q25098","Yes","C599"
"Q25099","Yes","C598-S"
"Q25100","Yes",""
"Q25101","Yes",""
"Q25102","No","C597"
"Q25103","Yes","C607-S"
"Q25104","Yes","C600-S"
"Q25105","Yes",""
"Q25105-1","Yes","C608-S"
"Q25106","Yes",""
"Q25107","Yes","C601-S"
"Q25108","Yes","C602-S"
"Q25109","No",""
"Q25110","Yes",""
"Q25111","Yes",""
"Q25112","No","C567"
"Q25113","Yes","D076-S"
"Q25114","No","C495"
"Q25116","Yes","C605"
"Q25117","No","C495"
"Q25118","Yes","C441"
"Q25119","Yes","C606"
"Q25120","Yes","C610-S"
"Q25121","Yes",""
"Q25122","Yes","B302 UNIT#2"
"Q25125","No","C438-1"
"Q25126","Yes",""
"Q25127","Yes","C609-S"
"Q25128","Yes",""
"Q25130","Yes","D002"
"Q25131","Yes",""
"Q25132","Yes",""
"Q25134","Yes",""
"Q25136","Yes",""
"Q25138","No","B297#1"
"Q25139","Yes","D007-S"
"Q25140","Yes",""
"Q25141","Yes",""
"Q25142","Yes",""
"Q25144","Yes",""
"Q25145","Yes",""
"Q25146","Yes","D006"
"Q25148","Yes",""
"Q25148-1","Yes",""
"Q25149","No","D008"
"Q25150","No","C603"
"Q25151","Yes",""
"Q25153","Yes",""
"Q25154","Yes",""
"Q25154-1","Yes",""
"Q25154-2","Yes","D010-S"
"Q25155","Yes",""
"Q25156","Yes",""
"Q25157","Yes","D009-S"
"Q25158","Yes",""
"Q25159","Yes",""
"Q25160","Yes",""
"Q25161","Yes",""
"Q25162","Yes",""
"Q25163","Yes",""
"Q25163-1","Yes",""
"Q25163-2","Yes","D018-S"
"Q25164","Yes",""
"Q25165","No","C484"
"Q25166","Yes","D023-S"
"Q25167","Yes","D017-S"
"Q25168","Yes",""
"Q25168-1","Yes",""
"Q25169","Yes",""
"Q25170","Yes",""
"Q25172","Yes","D013-S"
"Q25173","No","B302-SPK-3"
"Q25174","Yes","D026"
"Q25175","Yes","D015"
"Q25176","Yes","D021-S"
"Q25177","Yes","D016-S"
"Q25178","Yes",""
"Q25179","Yes",""
"Q25179-1","Yes","D019-S"
"Q25180","Yes","C215-SPK"
"Q25181","No","B111"
"Q25182","Yes",""
"Q25183","Yes","D028-S"
"Q25184","Yes","D020-S"
"Q25185","Yes","D022-S"
"Q25186","Yes","D025-S"
"Q25187","No","B302 UNIT#3"
"Q25188","No","B302-SPK-4"
"Q25189","No","B302-SPK-5"
"Q25190","No","B302-SPK-6"
"Q25191","No","B302-SPK-7"
"Q25192","No","B302-SPK-8"
"Q25193","No","B302-SPK-9"
"Q25194","No","B302-SPK-10"
"Q25195","Yes",""
"Q25196","Yes","D041"
"Q25197","Yes","D024-S"
"Q25198","Yes",""
"Q25199","Yes",""
"Q25200","Yes","D027-S"
"Q25203","Yes",""
"Q25203-1","Yes","D075"
"Q25204","Yes",""
"Q25204-1","Yes","D030-S"
"Q25205","No",""
"Q25206","Yes",""
"Q25208","Yes",""
"Q25208-1","Yes",""
"Q25209","Yes",""
"Q25210","Yes","D059-S"
"Q25211","Yes",""
"Q25212","Yes",""
"Q25213","Yes",""
"Q25213-1","Yes","D049-S"
"Q25214","Yes",""
"Q25214-1","Yes",""
"Q25215","Yes",""
"Q25216","Yes",""
"Q25216-1","Yes","D044"
"Q25217","Yes",""
"Q25218","Yes","D001"
"Q25218-1","Yes","D001"
"Q25219","Yes",""
"Q25219-1","Yes",""
"Q25220","Yes",""
"Q25220-1","Yes",""
"Q25221","Yes",""
"Q25221-1","Yes",""
"Q25222","No",""
"Q25222-1","Yes",""
"Q25223","No",""
"Q25223-1","No",""
"Q25223-2","Yes",""
"Q25224","No","D043-S"
"Q25225","No","D045-S"
"Q25226","No",""
"Q25227","Yes","D047"
"Q25228","Yes",""
"Q25230","Yes",""
"Q25231","Yes","D052"
"Q25232","Yes","D046"
"Q25233","No",""
"Q25233-1","No",""
"Q25234","Yes",""
"Q25235","Yes","D048"
"Q25237","Yes","D055-S"
"Q25239","Yes","D051-S"
"Q25240","Yes",""
"Q25241","No","D050-S"
"Q25242","No",""
"Q25243","Yes","D084"
"Q25244","Yes",""
"Q25244-1","Yes",""
"Q25245","No","B378"
"Q25246","Yes",""
"Q25247","Yes",""
"Q25247-1","Yes","D060-S"
"Q25248","No",""
"Q25248-1","No",""
"Q25249","No",""
"Q25250","No",""
"Q25251","Yes",""
"Q25251-1","Yes","D063"
"Q25252","Yes",""
"Q25253","No",""
"Q25254","No",""
"Q25255","Yes",""
"Q25255-1","Yes","D062-S"
"Q25256","Yes",""
"Q25257","Yes",""
"Q25258","Yes",""
"Q25258-1","Yes","D054-S"
"Q25259","Yes","D053"
"Q25260","Yes","D056-S"
"Q25261","Yes",""
"Q25262","Yes","D058-S"
"Q25263","No","D058-S"
"Q25264","Yes","D066-S"
"Q25265","Yes",""
"Q25265-1","Yes",""
"Q25265-2","Yes",""
"Q25265-3","Yes","D065"
"Q25266","Yes",""
"Q25267","Yes",""
"Q25268","Yes","D071-S"
"Q25269","Yes",""
"Q25269-1","Yes","D078-S"
"Q25270","Yes","D064-S"
"Q25272","Yes",""
"Q25273","Yes",""
"Q25274","Yes",""
"Q25274-1","Yes",""
"Q25276","Yes","D067-S"
"Q25277","Yes",""
"Q25278","Yes","D070-S"
"Q25279","Yes",""
"Q25280","Yes",""
"Q25280-1","Yes","D075-S"
"Q25281","Yes","D069-S"
"Q25282","Yes",""
"Q25282-1","Yes","D077"
"Q25283","Yes",""
"Q25284","Yes",""
"Q25285","No","D068-S (Deleted: 1775491789)"
"Q25286","No","D068-S"
"Q25286-1","Yes","D068-S"
"Q25287","No",""
"Q25288","Yes",""
"Q25288-1","Yes","D090-S"
"Q25289","Yes",""
"Q25290","Yes",""
"Q25290-1","Yes","D094-S"
"Q25291","Yes",""
"Q25292","Yes","D072-S"
"Q25293","Yes","D088-S"
"Q25294","Yes",""
"Q25294-1","Yes",""
"Q25295","Yes","D074-S"
"Q25296","Yes",""
"Q25297","Yes",""
"Q25298","No","D074-S"
"Q25299","Yes",""
"Q25300","Yes",""
"Q25301","Yes","D080-S"
"Q25302","Yes",""
"Q25303","No",""
"Q25303-1","Yes",""
"Q25304","Yes",""
"Q25304-1","Yes","D081-S"
"Q25306","Yes",""
"Q25307","No","D080-S"
"Q25308","No","D073"
"Q25309","Yes","D082-S"
"Q25310","Yes",""
"Q25311","No","D082-S"
"Q25312","No",""
"Q25313","Yes",""
"Q25314","Yes","D105-S"
"Q25315","No","D083-S"
"Q25316","Yes","D085-S"
"Q25317","Yes","D086"
"Q25318","Yes","D096-S"
"Q25319","Yes","D092-S"
"Q25320","Yes",""
"Q25321","Yes",""
"Q25322","Yes","D093"
"Q25323","Yes",""
"Q25324","Yes","D087-S"
"Q25325","Yes",""
"Q25326","Yes",""
"Q25327","Yes",""
"Q25328","Yes","D098-S"
"Q25329","Yes",""
"Q25330","Yes","D095"
"Q25331","Yes","D099"
"Q25332","Yes","D102-S"
"Q25333","Yes","D097-S"
"Q25334","Yes",""
"Q25335","Yes",""
"Q25336","Yes","D106"
"Q25337","Yes","D104-S"
"Q25338","Yes",""
"Q25339","Yes",""
"Q25340","Yes",""
"Q25341","Yes",""
"Q25342","Yes","D101-S"
"Q25343","Yes","D103-D"
"Q25344","Yes",""
"Q25345","Yes",""
"Q25346","Yes",""
"Q25347","Yes",""
"Q25348","Yes",""
"Q25349","Yes",""
"Q25350","Yes",""
"Q25351","Yes","D107-S"
"Q25352","Yes",""
"Q25353","Yes",""
"Q25354","Yes",""
